pa_indig_area_pc, pa_indig_area, pa_nat_res_pc, pa_tot_ha, pa_nat_res, pa_nat_park_pc, pa_nat_res_ha, pa_oth_pa_ha, solar_water_heater, lga_code_2014, land_area_ha, pa_tot_pc, pa_indig_area_ha, solar_panel_system, pa_oth_pa, pa_nat_park, pa_oth_pa_pc, pa_nat_park_ha, lga_name_2014, year, pa_tot
null,null,null,4.0,null,null,null,4.0,575,"10050",30593.1,null,null,3098,1,null,null,null,"Albury (C)","2014",1
null,null,1.0,88550.0,7,7.1,4167.0,54322.0,911,"10110",423083.5,20.9,null,1201,3,6,12.8,30062.0,"Armidale Dumaresq (A)","2014",16
null,null,null,null,null,null,null,null,200,"10150",828.1,null,null,533,null,null,null,null,"Ashfield (A)","2014",null
null,null,1.5,48.0,1,null,48.0,null,750,"10200",3247.7,1.5,null,1638,null,null,null,null,"Auburn (C)","2014",1
1.8,1,2.7,2172.0,7,null,1311.0,null,4404,"10250",48471.6,4.5,861.0,4219,null,null,null,null,"Ballina (A)","2014",8
null,null,null,67148.0,null,2.9,null,3513.0,30,"10300",2169312.5,3.1,null,61,4,7,0.2,63635.0,"Balranald (A)","2014",11
null,null,null,202.0,null,null,null,202.0,2357,"10350",7680.0,2.6,null,4951,1,null,2.6,null,"Bankstown (C)","2014",1
null,null,3.9,16505.0,4,null,15019.0,1486.0,604,"10470",381643.2,4.3,null,1856,1,null,0.4,null,"Bathurst Regional (A)","2014",5
null,null,4.9,258755.0,6,23.1,30467.0,83271.0,1828,"10550",627895.6,41.2,null,2766,12,9,13.3,145016.0,"Bega Valley (A)","2014",27
0.1,1,3.2,52022.0,8,13.7,5102.0,24898.0,1501,"10600",160037.6,32.5,85.0,1224,2,10,15.6,21937.0,"Bellingen (A)","2014",21
null,null,0.1,3490.0,1,1.0,291.0,1140.0,171,"10650",206592.7,1.7,null,780,2,1,0.6,2059.0,"Berrigan (A)","2014",4
null,null,1.4,432.0,1,null,326.0,107.0,3748,"10750",24010.5,1.8,null,14711,2,null,0.4,null,"Blacktown (C)","2014",3
null,null,0.3,3778.0,4,0.1,2606.0,null,67,"10800",855770.8,0.4,null,326,null,1,null,1172.0,"Bland (A)","2014",5
null,null,null,null,null,null,null,null,170,"10850",152488.3,null,null,347,null,null,null,null,"Blayney (A)","2014",null
null,null,null,106359.0,null,74.1,null,340.0,1628,"10900",143114.5,74.3,null,4560,3,1,0.2,106018.0,"Blue Mountains (C)","2014",4
null,null,0.3,4778.0,1,null,4778.0,null,63,"10950",1460048.3,0.3,null,196,null,null,null,null,"Bogan (A)","2014",1
null,null,2.5,92479.0,5,20.8,9850.0,494.0,56,"11000",394657.1,23.4,null,140,1,2,0.1,82134.0,"Bombala (A)","2014",8
null,null,0.1,141.0,1,null,141.0,null,49,"11050",257797.5,0.1,null,204,null,null,null,null,"Boorowa (A)","2014",1
null,null,null,null,null,null,null,null,250,"11100",2168.7,null,null,614,null,null,null,null,"Botany Bay (C)","2014",null
null,null,2.1,262262.0,2,4.2,88496.0,null,99,"11150",4160445.3,6.3,null,130,null,4,null,173767.0,"Bourke (A)","2014",6
0.2,2,0.3,46104.0,1,1.9,6227.0,null,9,"11200",1916518.2,2.4,4334.0,32,null,2,null,35542.0,"Brewarrina (A)","2014",5
null,null,null,null,null,null,null,null,133,"11250",17029.4,null,null,2390,null,null,null,null,"Broken Hill (C)","2014",null
null,null,null,null,null,null,null,null,158,"11300",712.8,null,null,595,null,null,null,null,"Burwood (A)","2014",null
null,null,4.2,6435.0,11,6.9,2363.0,187.0,3810,"11350",56584.7,11.4,null,3219,1,5,0.3,3885.0,"Byron (A)","2014",17
null,null,0.8,38912.0,4,5.7,4560.0,310.0,385,"11400",602392.9,6.5,null,853,2,4,0.1,34041.0,"Cabonne (A)","2014",10
null,null,null,43.0,null,null,null,43.0,1013,"11450",20126.3,0.2,null,2828,1,null,0.2,null,"Camden (A)","2014",1
null,null,null,1202.0,null,3.9,null,null,3694,"11500",31214.0,3.9,null,7276,null,2,null,1202.0,"Campbelltown (C)","2014",2
null,null,null,null,null,null,null,null,388,"11520",1989.3,null,null,1141,null,null,null,null,"Canada Bay (A)","2014",null
null,null,null,25.0,null,null,null,25.0,968,"11550",3356.4,0.8,null,2620,1,null,0.8,null,"Canterbury (C)","2014",1
null,null,1.8,111681.0,7,2.9,33412.0,23878.0,40,"11600",1893250.1,5.9,null,162,3,5,1.3,54390.0,"Carrathool (A)","2014",15
null,null,0.3,253579.0,2,4.5,14190.0,null,19,"11700",5349380.6,4.7,null,127,null,4,null,239389.0,"Central Darling (A)","2014",6
null,null,null,54714.0,null,6.4,null,42114.0,2184,"11720",196540.7,27.8,null,2550,5,5,21.4,12599.0,"Cessnock (C)","2014",10
null,null,2.6,224948.0,21,8.9,26688.0,105964.0,4560,"11730",1042877.3,21.6,null,4108,17,19,10.2,92297.0,"Clarence Valley (A)","2014",57
null,null,3.9,242898.0,4,1.4,177352.0,null,115,"11750",4557101.4,5.3,null,386,null,4,null,65546.0,"Cobar (A)","2014",8
null,null,1.3,15528.0,8,10.6,1550.0,1594.0,6663,"11800",117373.8,13.2,null,4551,4,6,1.4,12384.0,"Coffs Harbour (C)","2014",18
null,null,0.3,2983.0,1,null,2786.0,null,23,"11860",873794.1,0.3,null,116,null,1,null,197.0,"Conargo (A)","2014",2
null,null,null,null,null,null,null,null,83,"12000",243092.9,null,null,265,null,null,null,null,"Coolamon (A)","2014",null
null,null,6.1,91564.0,18,8.6,31448.0,15713.0,148,"12050",518454.3,17.7,null,553,4,6,3.0,44404.0,"Cooma-Monaro (A)","2014",28
null,null,0.4,31331.0,3,2.8,3998.0,15.0,155,"12150",991585.1,3.2,null,279,1,4,null,27318.0,"Coonamble (A)","2014",8
null,null,0.4,1720.0,3,0.7,672.0,null,97,"12200",152375.2,1.1,null,453,null,1,null,1048.0,"Cootamundra (A)","2014",4
null,null,null,1450.0,null,0.1,null,1327.0,165,"12300",232925.2,0.6,null,1273,3,1,0.6,123.0,"Corowa Shire (A)","2014",4
null,null,0.2,6633.0,1,2.2,437.0,null,216,"12350",280867.3,2.4,null,680,null,1,null,6196.0,"Cowra (A)","2014",2
null,null,null,424.0,null,null,null,423.0,109,"12500",14318.8,3.0,null,498,1,1,3.0,1.0,"Deniliquin (A)","2014",2
null,null,0.5,50441.0,2,14.1,1871.0,121.0,1152,"12600",342568.1,14.7,null,4467,1,5,null,48449.0,"Dubbo (C)","2014",8
null,null,0.6,39967.0,2,2.0,1296.0,34139.0,538,"12700",225001.7,17.8,null,566,2,4,15.2,4532.0,"Dungog (A)","2014",8
null,null,0.1,140657.0,5,9.2,297.0,108890.0,3100,"12750",342817.1,41.0,null,2603,4,6,31.8,31469.0,"Eurobodalla (A)","2014",15
null,null,null,null,null,null,null,null,2118,"12850",10152.2,null,null,7312,null,null,null,null,"Fairfield (C)","2014",null
null,null,0.1,2612.0,2,0.4,646.0,null,108,"12900",471807.4,0.6,null,470,null,1,null,1966.0,"Forbes (A)","2014",3
null,null,null,24649.0,null,5.1,null,null,166,"12950",483200.8,5.1,null,417,null,5,null,24649.0,"Gilgandra (A)","2014",5
null,2,1.3,119195.0,1,2.1,7226.0,100225.0,271,"13010",548035.9,21.7,90.0,555,5,6,18.3,11654.0,"Glen Innes Severn (A)","2014",14
null,null,3.3,66089.0,7,8.7,9628.0,30782.0,270,"13050",295016.8,22.4,null,435,1,8,10.4,25678.0,"Gloucester (A)","2014",16
null,null,0.5,33175.0,5,34.7,514.0,23.0,4971,"13100",94105.9,35.3,null,6970,2,6,null,32638.0,"Gosford (C)","2014",13
null,null,1.5,23692.0,5,5.8,4882.0,null,311,"13310",322000.8,7.4,null,1408,null,3,null,18810.0,"Goulburn Mulwaree (A)","2014",8
null,null,1.1,70461.0,19,19.0,3577.0,2674.0,2182,"13320",337332.8,20.9,null,2753,1,9,0.8,64211.0,"Great Lakes (A)","2014",29
null,null,0.3,39402.0,6,5.5,1817.0,6167.0,257,"13340",574928.4,6.9,null,886,5,3,1.1,31418.0,"Greater Hume Shire (A)","2014",14
null,null,3.5,44026.0,16,8.1,12933.0,798.0,4429,"13380",372904.8,11.8,null,3839,4,10,0.2,30295.0,"Greater Taree (C)","2014",30
null,null,null,311.0,null,null,null,311.0,145,"13450",163994.1,0.2,null,1157,1,null,0.2,null,"Griffith (C)","2014",1
null,null,0.6,3189.0,2,null,1559.0,1630.0,82,"13500",245713.7,1.3,null,222,1,null,0.7,null,"Gundagai (A)","2014",3
null,null,0.9,14023.0,1,1.7,4574.0,784.0,330,"13550",498740.9,2.8,null,606,2,2,0.2,8666.0,"Gunnedah (A)","2014",5
0.4,2,1.0,61414.0,4,0.6,4446.0,52741.0,134,"13650",438954.8,14.0,1553.0,231,3,2,12.0,2674.0,"Guyra (A)","2014",11
null,null,0.1,24626.0,2,2.4,896.0,1953.0,169,"13660",926236.2,2.7,null,332,2,7,0.2,21777.0,"Gwydir (A)","2014",11
null,null,null,null,null,null,null,null,65,"13700",186824.6,null,null,253,null,null,null,null,"Harden (A)","2014",null
null,null,0.1,200687.0,2,18.1,411.0,149975.0,1740,"13800",277464.1,72.3,null,2586,5,3,54.1,50301.0,"Hawkesbury (C)","2014",10
0.4,1,null,48876.0,1,3.9,411.0,80.0,58,"13850",1132601.6,4.3,4114.0,146,1,5,null,44271.0,"Hay (A)","2014",8
null,null,null,null,null,null,null,null,920,"13950",4018.1,null,null,2745,null,null,null,null,"Holroyd (C)","2014",null
null,null,5.7,22387.0,3,42.7,2632.0,9.0,3047,"14000",46210.7,48.4,null,5029,1,4,null,19747.0,"Hornsby (A)","2014",8
null,null,null,5.0,null,null,null,5.0,99,"14100",571.7,0.8,null,221,1,null,0.8,null,"Hunters Hill (A)","2014",1
null,null,null,15.0,null,null,null,15.0,876,"14150",2272.4,0.6,null,1915,1,null,0.6,null,"Hurstville (C)","2014",1
0.3,1,1.6,68935.0,5,6.0,13358.0,1757.0,564,"14200",859494.0,8.0,2643.0,970,2,9,0.2,51176.0,"Inverell (A)","2014",17
null,null,0.2,652.0,2,null,652.0,null,43,"14250",337305.4,0.2,null,160,null,null,null,null,"Jerilderie (A)","2014",2
null,null,1.7,3462.0,1,null,3410.0,null,81,"14300",202999.7,1.7,null,275,null,1,null,52.0,"Junee (A)","2014",2
null,null,3.1,96718.0,12,7.4,10572.0,61164.0,2719,"14350",337567.0,28.7,null,2104,9,11,18.1,24982.0,"Kempsey (A)","2014",32
null,null,4.3,5368.0,1,16.5,1112.0,null,1426,"14400",25774.3,20.8,null,1219,null,2,null,4256.0,"Kiama (A)","2014",3
null,null,null,null,null,null,null,null,419,"14450",1554.8,null,null,1072,null,null,null,null,"Kogarah (C)","2014",null
null,null,0.1,1707.0,1,19.8,11.0,1.0,1504,"14500",8539.8,20.0,null,2303,1,3,null,1695.0,"Ku-ring-gai (A)","2014",5
null,null,null,73291.0,1,11.9,13.0,30734.0,696,"14550",358401.9,20.4,null,891,3,7,8.6,42544.0,"Kyogle (A)","2014",11
null,null,0.6,9572.0,3,null,9443.0,null,188,"14600",1496540.9,0.6,null,430,null,1,null,129.0,"Lachlan (A)","2014",4
null,null,0.4,8318.0,3,11.8,265.0,411.0,9170,"14650",64798.7,12.8,null,9595,1,7,0.6,7642.0,"Lake Macquarie (C)","2014",11
null,null,null,null,null,null,null,null,215,"14700",1048.0,null,null,589,null,null,null,null,"Lane Cove (A)","2014",null
null,null,null,8339.0,null,7.0,null,174.0,117,"14750",116694.7,7.1,null,431,1,1,0.1,8165.0,"Leeton (A)","2014",2
null,null,null,null,null,null,null,null,756,"14800",1055.0,null,null,817,null,null,null,null,"Leichhardt (A)","2014",null
null,null,1.0,9053.0,6,6.0,1276.0,null,4722,"14850",128779.2,7.0,null,4262,null,2,null,7777.0,"Lismore (C)","2014",8
null,null,0.3,191242.0,2,11.3,1453.0,138808.0,304,"14870",451184.7,42.4,null,1044,4,6,30.8,50982.0,"Lithgow (C)","2014",12
null,null,1.4,505.0,2,0.2,419.0,38.0,2645,"14900",30543.1,1.7,null,7446,1,1,0.1,47.0,"Liverpool (C)","2014",4
null,null,0.4,9986.0,2,1.6,1977.0,6.0,262,"14920",508231.4,2.0,null,361,1,3,null,8002.0,"Liverpool Plains (A)","2014",6
null,null,0.1,343.0,1,null,343.0,null,93,"14950",289585.2,0.1,null,262,null,null,null,null,"Lockhart (A)","2014",1
null,null,null,null,null,null,null,null,2569,"15050",39151.7,null,null,3515,null,null,null,null,"Maitland (C)","2014",null
null,null,null,280.0,null,19.5,null,null,263,"15150",1435.5,19.5,null,633,null,2,null,280.0,"Manly (A)","2014",2
null,null,null,null,null,null,null,null,543,"15200",1652.0,null,null,1286,null,null,null,null,"Marrickville (A)","2014",null
null,null,1.0,100303.0,2,4.8,8665.0,49662.0,766,"15270",875278.5,11.5,null,1260,3,3,5.7,41976.0,"Mid-Western Regional (A)","2014",8
null,null,0.4,17017.0,8,0.6,6838.0,null,229,"15300",1790595.0,1.0,null,1283,null,4,null,10179.0,"Moree Plains (A)","2014",12
null,null,null,91.0,null,10.6,null,null,128,"15350",865.1,10.6,null,291,null,1,null,91.0,"Mosman (A)","2014",1
null,null,null,41282.0,null,7.9,null,6824.0,205,"15500",434445.3,9.5,null,526,2,3,1.6,34458.0,"Murray (A)","2014",5
null,null,null,24265.0,1,6.8,36.0,408.0,29,"15550",350668.5,6.9,null,138,1,2,0.1,23821.0,"Murrumbidgee (A)","2014",4
null,null,1.1,144556.0,1,1.3,3805.0,136343.0,709,"15650",340499.4,42.5,null,598,1,1,40.0,4409.0,"Muswellbrook (A)","2014",3
0.1,1,8.8,29789.0,7,7.9,13136.0,4796.0,1665,"15700",149134.9,20.0,111.0,1696,2,5,3.2,11746.0,"Nambucca (A)","2014",15
null,null,1.8,166368.0,2,8.9,22980.0,27057.0,336,"15750",1301407.2,12.8,null,1648,4,10,2.1,116331.0,"Narrabri (A)","2014",16
null,null,0.1,643.0,2,null,217.0,224.0,59,"15800",411623.6,0.2,null,296,2,1,0.1,202.0,"Narrandera (A)","2014",5
null,null,null,4384.0,null,0.8,null,null,178,"15850",526038.7,0.8,null,604,null,1,null,4384.0,"Narromine (A)","2014",1
null,null,0.2,3347.0,1,12.9,35.0,894.0,3447,"15900",18677.3,17.9,null,6062,2,2,4.8,2418.0,"Newcastle (C)","2014",5
null,null,null,null,null,null,null,null,214,"15950",1047.3,null,null,420,null,null,null,null,"North Sydney (A)","2014",null
null,null,0.1,102690.0,1,9.3,239.0,68828.0,119,"16100",362688.3,28.3,null,290,2,3,19.0,33623.0,"Oberon (A)","2014",6
null,null,null,null,null,null,null,null,784,"16150",28393.8,null,null,1744,null,null,null,null,"Orange (C)","2014",null
null,null,1.3,82688.0,9,10.3,6841.0,22802.0,471,"16180",514679.2,16.1,null,1001,3,11,4.4,53045.0,"Palerang (A)","2014",23
null,null,0.5,19015.0,1,2.7,2868.0,72.0,208,"16200",595491.9,3.2,null,1018,1,1,null,16074.0,"Parkes (A)","2014",3
null,null,null,null,null,null,null,null,1724,"16250",6135.6,null,null,4215,null,null,null,null,"Parramatta (C)","2014",null
null,null,2.5,1885.0,4,2.0,1016.0,66.0,3226,"16350",40463.1,4.7,null,7950,1,1,0.2,804.0,"Penrith (C)","2014",6
null,null,null,4665.0,null,51.6,null,null,690,"16370",9032.8,51.6,null,1414,null,1,null,4665.0,"Pittwater (A)","2014",1
null,null,2.8,91058.0,14,11.7,10230.0,37674.0,8275,"16380",368301.5,24.7,null,6547,4,13,10.2,43154.0,"Port Macquarie-Hastings (A)","2014",31
null,null,1.0,19115.0,8,17.0,895.0,3658.0,3788,"16400",85847.3,22.3,null,4258,3,12,4.3,14562.0,"Port Stephens (A)","2014",23
null,null,5.2,889.0,4,null,889.0,null,821,"16470",17236.1,5.2,null,1487,null,null,null,null,"Queanbeyan (C)","2014",4
null,null,null,119.0,null,3.3,null,null,887,"16550",3633.1,3.3,null,1531,null,2,null,119.0,"Randwick (C)","2014",2
0.7,1,3.6,37493.0,6,4.4,10915.0,10976.0,1998,"16610",304738.7,12.3,2160.0,2008,5,8,3.6,13441.0,"Richmond Valley (A)","2014",20
null,null,null,null,null,null,null,null,634,"16650",2821.9,null,null,1631,null,null,null,null,"Rockdale (C)","2014",null
null,null,0.2,267.0,1,6.4,6.0,null,1070,"16700",4047.3,6.6,null,2329,null,1,null,261.0,"Ryde (C)","2014",2
null,null,null,1068.0,null,7.3,null,null,1613,"16900",14736.0,7.3,null,3029,null,3,null,1068.0,"Shellharbour (C)","2014",3
null,null,2.2,228955.0,20,43.0,10183.0,22255.0,7116,"16950",456702.3,50.1,null,6085,9,11,4.9,196517.0,"Shoalhaven (C)","2014",40
null,null,null,165986.0,null,1.2,null,160100.0,1145,"17000",489283.0,33.9,null,1143,4,1,32.7,5886.0,"Singleton (A)","2014",5
null,null,0.6,222892.0,7,36.4,3605.0,null,158,"17050",603038.0,37.0,null,349,1,1,null,219286.0,"Snowy River (A)","2014",9
null,null,4.1,21255.0,12,10.8,5426.0,1680.0,7238,"17550",130744.2,16.3,null,9030,1,7,1.3,14150.0,"Tweed (A)","2014",20
null,null,0.3,68596.0,5,6.7,2726.0,11750.0,532,"17620",809606.1,8.5,null,592,4,13,1.5,54120.0,"Upper Hunter Shire (A)","2014",22
null,null,1.0,44731.0,11,3.7,7110.0,11240.0,148,"17640",712746.1,6.3,null,512,4,8,1.6,26382.0,"Upper Lachlan Shire (A)","2014",23
null,null,0.4,1818.0,2,null,1149.0,669.0,206,"17650",322646.4,0.6,null,364,1,null,0.2,null,"Uralla (A)","2014",3
null,null,0.2,644.0,2,null,516.0,128.0,31,"17700",335600.1,0.2,null,102,1,null,null,null,"Urana (A)","2014",3
null,null,0.1,6408.0,2,0.8,661.0,1953.0,738,"17750",482587.3,1.3,null,2667,2,3,0.4,3794.0,"Wagga Wagga (C)","2014",7
null,null,0.3,72498.0,1,9.2,1937.0,1538.0,91,"17800",752047.2,9.6,null,333,4,4,0.2,69023.0,"Wakool (A)","2014",9
null,null,0.4,169773.0,4,7.6,2221.0,120192.0,125,"17850",626129.2,27.1,null,153,3,8,19.2,47361.0,"Walcha (A)","2014",15
null,null,1.6,62491.0,4,1.2,34845.0,null,166,"17900",2230845.8,2.8,null,523,null,4,null,27646.0,"Walgett (A)","2014",8
null,null,1.5,17506.0,1,0.1,15960.0,null,90,"17950",1075381.9,1.6,null,244,null,1,null,1546.0,"Warren (A)","2014",2
null,null,null,null,null,null,null,null,143,"17100",1390.0,null,null,549,null,null,null,null,"Strathfield (A)","2014",null
null,null,1.1,17095.0,1,49.2,381.0,306.0,4695,"17150",33357.9,51.2,null,5309,1,5,0.9,16408.0,"Sutherland Shire (A)","2014",7
null,null,null,6.0,null,0.2,null,null,546,"17200",2672.6,0.2,null,763,null,1,null,6.0,"Sydney (C)","2014",1
null,null,0.5,24699.0,5,1.6,5038.0,4229.0,2080,"17310",988421.7,2.5,null,2843,5,7,0.4,15432.0,"Tamworth Regional (A)","2014",17
null,null,2.1,6692.0,5,0.3,5977.0,null,82,"17350",280201.6,2.4,null,333,null,1,null,715.0,"Temora (A)","2014",6
null,null,1.1,97916.0,9,9.1,7909.0,23017.0,250,"17400",732227.4,13.4,null,535,3,16,3.1,66990.0,"Tenterfield (A)","2014",28
null,null,null,545.0,null,0.6,null,285.0,2916,"17420",40045.0,1.4,null,7830,1,1,0.7,260.0,"The Hills Shire (A)","2014",2
null,null,3.2,220344.0,5,46.9,13990.0,565.0,84,"17450",439245.7,50.2,null,258,10,3,0.1,205789.0,"Tumbarumba (A)","2014",18
null,null,2.6,190104.0,3,38.9,11716.0,547.0,184,"17500",456662.8,41.6,null,620,2,6,0.1,177841.0,"Tumut Shire (A)","2014",11
null,null,null,6413.0,null,42.9,null,null,1539,"18000",14935.3,42.9,null,3759,null,2,null,6413.0,"Warringah (A)","2014",2
null,null,5.1,129278.0,4,3.1,62663.0,28294.0,252,"18020",1237108.1,10.4,null,1049,5,11,2.3,38321.0,"Warrumbungle Shire (A)","2014",20
null,null,null,null,null,null,null,null,275,"18050",924.3,null,null,578,null,null,null,null,"Waverley (A)","2014",null
null,null,null,11484.0,null,3.4,null,null,92,"18100",340855.1,3.4,null,207,null,3,null,11484.0,"Weddin (A)","2014",3
null,null,0.1,495.0,1,null,434.0,60.0,126,"18150",411008.8,0.1,null,388,1,null,null,null,"Wellington (A)","2014",2
null,null,1.5,182334.0,3,3.1,38967.0,62447.0,255,"18200",2625673.0,6.9,null,313,7,4,2.4,80921.0,"Wentworth (A)","2014",14
null,null,null,5.0,null,0.2,null,null,406,"18250",2242.9,0.2,null,1119,null,1,null,5.0,"Willoughby (C)","2014",1
null,null,0.7,73360.0,4,8.2,1945.0,49498.0,1105,"18350",268839.3,27.3,null,2450,5,7,18.4,21917.0,"Wingecarribee (A)","2014",16
null,null,0.1,160555.0,1,49.6,137.0,33524.0,1800,"18400",255592.7,62.8,null,2567,4,8,13.1,126894.0,"Wollondilly (A)","2014",13
null,null,0.6,7441.0,2,9.7,402.0,385.0,5325,"18450",68401.3,10.9,null,7015,1,5,0.6,6655.0,"Wollongong (C)","2014",8
null,null,null,41.0,null,3.3,null,null,202,"18500",1227.4,3.3,null,337,null,1,null,41.0,"Woollahra (A)","2014",1
null,null,0.4,13276.0,3,17.4,289.0,119.0,4937,"18550",73979.7,17.9,null,7081,3,5,0.2,12868.0,"Wyong (A)","2014",11
null,null,2.5,27382.0,12,4.4,9844.0,null,463,"18710",399805.3,6.8,null,982,null,2,null,17537.0,"Yass Valley (A)","2014",14
null,null,2.0,7637.0,4,0.6,5370.0,519.0,197,"18750",269268.1,2.8,null,735,1,1,0.2,1748.0,"Young (A)","2014",6
null,null,0.4,520584.0,2,4.2,37283.0,89385.0,63,"19399",9321345.6,5.6,null,112,3,4,1.0,393916.0,"Unincorporated NSW","2014",9
null,null,null,175593.0,null,32.4,null,20313.0,658,"20110",478823.5,36.7,null,1133,27,6,4.2,155281.0,"Alpine (S)","2014",33
null,null,null,41832.0,null,8.8,null,4693.0,289,"20260",421135.7,9.9,null,618,58,4,1.1,37139.0,"Ararat (RC)","2014",62
null,null,null,205.0,null,null,null,205.0,3561,"20570",73902.9,0.3,null,3737,9,null,0.3,null,"Ballarat (C)","2014",9
null,null,null,null,null,null,null,null,1661,"20660",6254.2,null,null,3617,null,null,null,null,"Banyule (C)","2014",null
null,null,null,2924.0,null,null,null,2914.0,1536,"20740",86476.1,3.4,null,2787,27,2,3.4,11.0,"Bass Coast (S)","2014",29
null,null,null,30621.0,null,5.7,null,7717.0,2613,"20830",403127.5,7.6,null,3313,45,6,1.9,22904.0,"Baw Baw (S)","2014",51
null,null,null,null,null,null,null,null,1235,"20910",3721.1,null,null,2255,null,null,null,null,"Bayside (C)","2014",null
null,null,null,10669.0,null,3.7,null,1941.0,362,"21010",235264.0,4.5,null,1013,46,3,0.8,8728.0,"Benalla (RC)","2014",49
null,null,null,null,null,null,null,null,1766,"21110",6018.1,null,null,3230,null,null,null,null,"Boroondara (C)","2014",null
null,null,null,341.0,null,null,null,341.0,4421,"21180",12339.9,2.8,null,8037,5,null,2.8,null,"Brimbank (C)","2014",5
null,null,null,17368.0,null,null,null,17368.0,232,"21270",800040.3,2.2,null,475,107,null,2.2,null,"Buloke (S)","2014",107
null,null,null,15489.0,null,1.5,null,8887.0,1333,"21370",451885.6,3.4,null,3110,59,4,2.0,6602.0,"Campaspe (S)","2014",63
null,null,null,13975.0,null,10.0,null,1212.0,7192,"21450",128167.8,10.9,null,4445,34,1,0.9,12763.0,"Cardinia (S)","2014",35
null,null,null,1869.0,null,0.6,null,1605.0,11884,"21610",40941.8,4.6,null,14393,6,1,3.9,264.0,"Casey (C)","2014",7
null,null,null,8669.0,null,1.3,null,6654.0,297,"21670",153278.5,5.7,null,1159,59,1,4.3,2015.0,"Central Goldfields (S)","2014",60
null,null,null,75904.0,null,21.4,null,2455.0,1023,"21750",343748.1,22.1,null,1125,28,2,0.7,73449.0,"Colac-Otway (S)","2014",30
null,null,null,14849.0,null,1.4,null,8785.0,410,"21830",440755.5,3.4,null,733,26,3,2.0,6064.0,"Corangamite (S)","2014",29
null,null,null,72.0,null,null,null,72.0,2660,"21890",5347.1,1.3,null,4384,3,null,1.3,null,"Darebin (C)","2014",3
null,null,null,633860.0,null,25.9,null,90888.0,2933,"22110",2093989.6,30.3,null,3816,151,29,4.3,542972.0,"East Gippsland (S)","2014",180
null,null,null,468.0,null,null,null,468.0,2834,"22170",12959.9,3.6,null,6163,6,null,3.6,null,"Frankston (C)","2014",6
null,null,null,27799.0,null,2.1,null,20059.0,362,"22250",373533.5,7.4,null,922,69,2,5.4,7740.0,"Gannawarra (S)","2014",71
null,null,null,28816.0,null,7.1,null,7572.0,5580,"22620",299997.8,9.6,null,6956,85,2,2.5,21244.0,"Greater Bendigo (C)","2014",87
null,null,null,null,null,null,null,null,2421,"22670",12959.6,null,null,5132,null,null,null,null,"Greater Dandenong (C)","2014",null
null,null,null,7505.0,null,2.1,null,4923.0,9340,"22750",124789.2,6.0,null,11703,16,2,3.9,2582.0,"Greater Geelong (C)","2014",18
null,null,null,9978.0,null,1.8,null,5704.0,2592,"22830",242195.3,4.1,null,4264,42,1,2.4,4274.0,"Greater Shepparton (C)","2014",43
null,null,null,2895.0,null,null,null,2895.0,686,"22910",147298.4,2.0,null,1177,49,null,2.0,null,"Hepburn (S)","2014",49
null,null,null,256115.0,null,29.5,null,33915.0,253,"22980",752418.2,34.0,null,523,70,4,4.5,222199.0,"Hindmarsh (S)","2014",74
null,null,null,92.0,null,null,null,92.0,1180,"23110",6424.1,1.4,null,3166,5,null,1.4,null,"Hobsons Bay (C)","2014",5
null,null,null,34723.0,null,4.7,null,14865.0,892,"23190",426706.2,8.1,null,1246,57,5,3.5,19858.0,"Horsham (RC)","2014",62
null,null,null,298.0,null,null,null,298.0,6714,"23270",50382.9,0.6,null,7827,7,null,0.6,null,"Hume (C)","2014",7
null,null,null,20204.0,null,8.3,null,3207.0,821,"23350",204006.9,9.9,null,1830,64,2,1.6,16997.0,"Indigo (S)","2014",66
null,null,null,null,null,null,null,null,1858,"23430",9136.7,null,null,4792,null,null,null,null,"Kingston (C)","2014",null
null,null,null,16.0,null,0.1,null,null,1750,"23670",11382.6,0.1,null,6978,null,1,null,16.0,"Knox (C)","2014",1
null,null,null,2635.0,null,null,null,2596.0,2070,"23810",142576.0,1.8,null,4470,17,2,1.8,39.0,"Latrobe (C)","2014",19
null,null,null,33084.0,null,2.3,null,17369.0,472,"23940",669643.9,4.9,null,724,107,3,2.6,15715.0,"Loddon (S)","2014",110
null,null,null,4653.0,null,2.0,null,1120.0,2261,"24130",174827.6,2.7,null,2822,35,1,0.6,3533.0,"Macedon Ranges (S)","2014",36
null,null,null,646.0,null,null,null,646.0,1179,"24210",11334.8,5.7,null,3503,3,null,5.7,null,"Manningham (C)","2014",3
null,null,null,56374.0,null,12.7,null,7508.0,423,"24250",384392.3,14.7,null,725,23,7,2.0,48866.0,"Mansfield (S)","2014",30
null,null,null,null,null,null,null,null,1352,"24330",3122.7,null,null,1984,null,null,null,null,"Maribyrnong (C)","2014",null
null,null,null,19.0,null,null,null,19.0,1521,"24410",6141.1,0.3,null,3778,1,null,0.3,null,"Maroondah (C)","2014",1
null,null,null,null,null,null,null,null,600,"24600",3735.6,null,null,529,null,null,null,null,"Melbourne (C)","2014",null
null,null,null,974.0,null,1.2,null,328.0,7669,"24650",52755.7,1.8,null,6237,10,1,0.6,646.0,"Melton (C)","2014",11
null,null,null,null,null,null,null,null,2000,"22310",3869.1,null,null,2711,null,null,null,null,"Glen Eira (C)","2014",null
0.2,3,null,77336.0,null,8.1,null,25827.0,662,"22410",621828.9,12.4,1447.0,1164,95,7,4.2,50062.0,"Glenelg (S)","2014",105
null,null,null,10197.0,null,2.6,null,3117.0,1839,"22490",270343.0,3.8,null,1454,44,2,1.2,7080.0,"Golden Plains (S)","2014",46
null,null,null,1855.0,null,null,null,1855.0,958,"40310",89354.9,2.1,null,3382,23,null,2.1,null,"Barossa (DC)","2014",23
null,null,null,1017013.0,null,38.5,null,167898.0,3024,"24780",2208248.3,46.1,null,2551,188,5,7.6,849115.0,"Mildura (RC)","2014",193
null,null,null,10318.0,null,2.5,null,3278.0,2237,"24850",286243.1,3.6,null,2569,44,1,1.1,7040.0,"Mitchell (S)","2014",45
null,null,null,38530.0,null,8.3,null,4961.0,1123,"24900",404655.3,9.5,null,2932,55,4,1.2,33569.0,"Moira (S)","2014",59
null,null,null,null,null,null,null,null,2819,"24970",8149.7,null,null,5694,null,null,null,null,"Monash (C)","2014",null
null,null,null,null,null,null,null,null,1497,"25060",4314.2,null,null,2971,null,null,null,null,"Moonee Valley (C)","2014",null
null,null,null,21805.0,null,9.0,null,2910.0,1965,"25150",211062.1,10.3,null,2066,21,3,1.4,18895.0,"Moorabool (S)","2014",24
null,null,null,null,null,null,null,null,2827,"25250",5094.9,null,null,3914,null,null,null,null,"Moreland (C)","2014",null
null,null,null,5040.0,null,4.2,null,1993.0,4978,"25340",72406.7,7.0,null,8774,29,4,2.8,3047.0,"Mornington Peninsula (S)","2014",33
null,null,null,3035.0,null,null,null,3035.0,893,"25430",152961.8,2.0,null,1838,52,null,2.0,null,"Mount Alexander (S)","2014",52
0.4,3,null,11871.0,null,1.2,null,3232.0,600,"25490",548174.5,2.2,2299.0,791,22,1,0.6,6340.0,"Moyne (S)","2014",26
null,null,null,38398.0,null,7.3,null,9949.0,748,"25620",387940.1,9.9,null,1307,60,6,2.6,28450.0,"Murrindindi (S)","2014",66
null,null,null,7031.0,null,13.7,null,1117.0,1010,"25710",43233.7,16.3,null,2396,28,1,2.6,5915.0,"Nillumbik (S)","2014",29
null,null,null,101774.0,null,14.6,null,18118.0,361,"25810",572799.9,17.8,null,803,141,3,3.2,83656.0,"Northern Grampians (S)","2014",144
null,null,null,null,null,null,null,null,567,"25900",2070.5,null,null,770,null,null,null,null,"Port Phillip (C)","2014",null
null,null,null,13291.0,null,1.2,null,9139.0,256,"25990",343457.0,3.9,null,527,52,2,2.7,4152.0,"Pyrenees (S)","2014",54
null,null,null,4.0,null,null,null,4.0,120,"26080",861.8,0.4,null,277,1,null,0.4,null,"Queenscliffe (B)","2014",1
null,null,null,55562.0,null,15.7,null,3802.0,1638,"26170",329735.4,16.9,null,2700,47,4,1.2,51760.0,"South Gippsland (S)","2014",51
null,null,null,69772.0,null,9.9,null,4196.0,410,"26260",665542.5,10.5,null,776,35,5,0.6,65576.0,"Southern Grampians (S)","2014",40
null,null,null,null,null,null,null,null,701,"26350",2564.9,null,null,1138,null,null,null,null,"Stonnington (C)","2014",null
null,null,null,16356.0,null,2.5,null,8023.0,463,"26430",330325.7,5.0,null,1025,77,1,2.4,8333.0,"Strathbogie (S)","2014",78
null,null,null,35144.0,null,21.3,null,2001.0,2192,"26490",155293.5,22.6,null,2075,20,3,1.3,33142.0,"Surf Coast (S)","2014",23
null,null,null,31544.0,null,0.5,null,28613.0,638,"26610",611530.9,5.2,null,1262,102,3,4.7,2931.0,"Swan Hill (RC)","2014",105
null,null,null,143631.0,null,16.6,null,32824.0,280,"26670",667494.7,21.5,null,695,44,8,4.9,110807.0,"Towong (S)","2014",52
null,null,null,64109.0,null,14.8,null,10054.0,916,"26700",364483.6,17.6,null,2428,61,4,2.8,54056.0,"Wangaratta (RC)","2014",65
null,null,null,93.0,null,null,null,93.0,930,"26730",12085.2,0.8,null,1152,3,null,0.8,null,"Warrnambool (C)","2014",3
null,null,null,276179.0,null,16.1,null,101492.0,1473,"26810",1081736.8,25.5,null,3420,116,9,9.4,174687.0,"Wellington (S)","2014",125
null,null,null,165199.0,null,10.7,null,67335.0,101,"26890",910839.0,18.1,null,302,170,3,7.4,97865.0,"West Wimmera (S)","2014",173
null,null,null,null,null,null,null,null,2196,"26980",6427.9,null,null,4979,null,null,null,null,"Whitehorse (C)","2014",null
null,null,null,4809.0,null,8.5,null,642.0,13011,"27070",48970.6,9.8,null,7259,4,1,1.3,4167.0,"Whittlesea (C)","2014",5
null,null,null,759.0,null,null,null,759.0,1189,"27170",43268.9,1.8,null,2232,10,null,1.8,null,"Wodonga (RC)","2014",10
null,null,null,56.0,null,null,null,56.0,18881,"27260",54209.4,0.1,null,10767,3,null,0.1,null,"Wyndham (C)","2014",3
null,null,null,null,null,null,null,null,910,"27350",1954.1,null,null,1190,null,null,null,null,"Yarra (C)","2014",null
null,null,null,80937.0,null,31.6,null,3004.0,2399,"27450",246574.1,32.8,null,6672,72,4,1.2,77933.0,"Yarra Ranges (S)","2014",76
null,null,null,61311.0,null,6.7,null,12375.0,230,"27630",732579.7,8.4,null,545,74,1,1.7,48936.0,"Yarriambiack (S)","2014",75
null,null,null,10923.0,null,38.2,null,125.0,35,"29399",28301.4,38.6,null,92,4,8,0.4,10797.0,"Unincorporated Vic","2014",12
null,null,null,null,null,null,null,null,null,"30250",734720.8,null,null,null,null,null,null,null,"Aurukun (S)","2014",null
null,null,null,69654.0,null,2.2,null,470.0,60,"30300",3110618.4,2.2,null,363,1,4,null,69184.0,"Balonne (S)","2014",5
null,null,null,160334.0,null,5.2,null,12270.0,435,"30370",2854630.8,5.6,null,1120,18,5,0.4,148064.0,"Banana (S)","2014",23
null,null,null,56345.0,null,0.5,null,29218.0,57,"30410",5352067.3,1.1,null,209,5,2,0.5,27127.0,"Barcaldine (R)","2014",7
null,null,null,130706.0,null,2.1,null,3865.0,15,"30450",6182500.9,2.1,null,15,1,3,0.1,126842.0,"Barcoo (S)","2014",4
null,null,null,116068.0,null,0.7,null,94277.0,28,"30760",3038905.9,3.8,null,136,1,2,3.1,21791.0,"Blackall-Tambo (R)","2014",3
null,null,null,140536.0,null,1.7,null,43460.0,929,"33980",5871983.5,2.4,null,576,22,12,0.7,97076.0,"Isaac (R)","2014",34
null,null,null,null,null,null,null,null,null,"34420",254317.2,null,null,null,null,null,null,null,"Kowanyama (S)","2014",null
null,null,null,30165.0,null,1.7,null,9686.0,2446,"34530",1175144.7,2.6,null,3339,20,8,0.8,20480.0,"Livingstone (S)","2014",28
51.5,2,null,184667.0,null,0.1,null,119.0,null,"34570",357805.8,51.6,184280.0,null,2,2,null,268.0,"Lockhart River (S)","2014",6
null,null,null,21648.0,null,7.8,null,3970.0,1912,"34580",226874.2,9.5,null,4833,14,3,1.7,17679.0,"Lockyer Valley (R)","2014",17
null,null,null,2795.0,null,0.1,null,2656.0,12240,"34590",95809.7,2.9,null,31671,16,1,2.8,139.0,"Logan (C)","2014",17
null,null,null,71975.0,null,1.6,null,7134.0,119,"34710",4057170.6,1.8,null,212,1,3,0.2,64841.0,"Longreach (R)","2014",4
null,null,null,84770.0,null,10.9,null,2141.0,2886,"34770",760119.7,11.2,null,8205,28,17,0.3,82629.0,"Mackay (R)","2014",45
null,null,null,36702.0,null,null,null,36702.0,6,"34800",4073370.9,0.9,null,33,3,null,0.9,null,"McKinlay (S)","2014",3
null,null,null,26.0,null,null,null,26.0,66,"40430",159038.9,null,null,598,3,null,null,null,"Barunga West (DC)","2014",3
null,null,null,14895.0,null,null,null,14895.0,343,"40520",51681.3,28.8,null,1334,10,null,28.8,null,"Berri and Barmera (DC)","2014",10
null,null,2.4,1579022.0,19,13.2,237864.0,4855.0,146,"50250",1.00959262E7,15.6,null,21,3,6,null,1336304.0,"Ashburton (S)","2014",28
null,null,0.1,39312.0,9,18.4,280.0,null,1139,"50280",212242.2,18.5,null,884,1,8,null,39032.0,"Augusta-Margaret River (S)","2014",18
null,null,null,null,null,null,null,null,630,"50350",1034.5,null,null,1026,null,null,null,null,"Bassendean (T)","2014",null
null,null,null,null,null,null,null,null,2438,"50420",3276.9,null,null,3698,null,null,null,null,"Bayswater (C)","2014",null
null,null,null,null,null,null,null,null,1419,"50490",3968.5,null,null,2097,null,null,null,null,"Belmont (C)","2014",null
null,null,0.5,22339.0,5,9.0,1067.0,20.0,147,"50560",237051.9,9.4,null,230,2,2,null,21252.0,"Beverley (S)","2014",9
null,null,null,475333.0,null,null,null,475333.0,17,"30900",6095581.3,7.8,null,35,3,null,7.8,null,"Boulia (S)","2014",3
null,null,null,30394.0,null,20.7,null,2669.0,29845,"31000",133809.4,22.7,null,85523,12,4,2.0,27725.0,"Brisbane (C)","2014",16
null,null,null,49540.0,null,11.4,null,1140.0,1986,"36510",424807.3,11.7,null,5154,15,7,0.3,48400.0,"Scenic Rim (R)","2014",22
null,null,null,51136.0,null,8.0,null,7903.0,1198,"36580",537328.0,9.5,null,3427,15,8,1.5,43233.0,"Somerset (R)","2014",23
null,null,null,16877.0,null,1.8,null,1818.0,1043,"36630",838169.8,2.0,null,3280,13,5,0.2,15059.0,"South Burnett (R)","2014",18
null,null,null,46430.0,null,5.5,null,7368.0,998,"36660",711172.3,6.5,null,3867,32,3,1.0,39062.0,"Southern Downs (R)","2014",35
null,null,null,41044.0,null,16.5,null,3898.0,14532,"36720",225122.0,18.2,null,34884,62,18,1.7,37146.0,"Sunshine Coast (R)","2014",80
null,null,null,382648.0,null,1.8,null,250980.0,125,"31750",7376280.2,5.2,null,28,2,2,3.4,131668.0,"Bulloo (S)","2014",4
null,null,null,58877.0,null,8.5,null,4297.0,4958,"31820",643564.3,9.1,null,11138,12,7,0.7,54580.0,"Bundaberg (R)","2014",19
null,null,null,24539.0,null,3.5,null,6908.0,187,"31900",504342.2,4.9,null,1740,4,1,1.4,17630.0,"Burdekin (S)","2014",5
4.0,1,null,314419.0,null,2.7,null,48954.0,14,"31950",4003920.9,7.9,158771.0,16,6,2,1.2,106693.0,"Burke (S)","2014",9
4.8,1,null,85646.0,null,45.4,null,791.0,5320,"32080",168785.7,50.7,8172.0,9606,9,15,0.5,76683.0,"Cairns (R)","2014",25
null,null,null,389008.0,null,2.2,null,246383.0,34,"32250",6412489.6,6.1,null,53,3,3,3.8,142625.0,"Carpentaria (S)","2014",6
20.1,1,null,369768.0,null,58.5,null,1346.0,748,"32260",468499.1,78.9,94334.0,1895,19,24,0.3,274087.0,"Cassowary Coast (R)","2014",44
null,null,null,482313.0,null,5.2,null,172483.0,1611,"32270",5983488.8,8.1,null,1749,23,11,2.9,309830.0,"Central Highlands (R)","2014",34
0.2,1,null,283438.0,null,2.0,null,134671.0,323,"32310",6837355.1,4.1,11480.0,779,6,8,2.0,137287.0,"Charters Towers (R)","2014",15
8.2,1,null,425772.0,null,25.2,null,49201.0,1031,"36820",1128931.5,37.7,92524.0,1954,52,22,4.4,284047.0,"Tablelands (R)","2014",75
null,null,null,8431.0,null,0.6,null,193.0,5189,"36910",1295773.0,0.7,null,12694,6,9,null,8237.0,"Toowoomba (R)","2014",15
0.1,3,null,5280.0,null,3.7,null,1979.0,59,"36950",88271.0,6.0,62.0,30,2,2,2.2,3239.0,"Torres (S)","2014",7
null,1,null,19.0,null,null,null,null,72,"36960",48924.2,null,19.0,36,null,null,null,null,"Torres Strait Island (R)","2014",1
1.7,1,null,89567.0,null,20.3,null,7563.0,3980,"37010",372737.8,24.0,6210.0,16389,14,4,2.0,75793.0,"Townsville (C)","2014",19
null,null,null,5.0,null,null,null,5.0,1377,"41060",5478.9,0.1,null,10118,1,null,0.1,null,"Charles Sturt (C)","2014",1
null,null,null,874.0,null,null,null,874.0,270,"41140",189244.6,0.5,null,1262,16,null,0.5,null,"Clare and Gilbert Valleys (DC)","2014",16
null,null,0.3,6826.0,1,3.2,631.0,65.0,204,"50630",189937.2,3.6,null,102,1,3,null,6130.0,"Boddington (S)","2014",5
null,null,null,null,null,null,null,null,19,"32330",3159.9,null,null,88,null,null,null,null,"Cherbourg (S)","2014",null
null,null,null,187816.0,null,null,null,187816.0,24,"32450",4798312.9,3.9,null,109,2,null,3.9,null,"Cloncurry (S)","2014",2
0.2,1,null,3601371.0,null,19.7,null,1497366.0,118,"32500",1.05781459E7,34.0,17005.0,134,40,36,14.2,2087000.0,"Cook (S)","2014",77
null,null,null,56960.0,null,0.2,null,51678.0,19,"32600",2948709.7,1.9,null,21,4,1,1.8,5282.0,"Croydon (S)","2014",5
null,null,null,null,null,null,null,null,53,"37300",1082.2,null,null,5,null,null,null,null,"Weipa (T)","2014",null
null,null,null,17513.0,null,0.4,null,3446.0,737,"37310",3793848.9,0.5,null,2379,8,3,0.1,14068.0,"Western Downs (R)","2014",11
null,null,null,2043990.0,null,18.0,null,344160.0,5,"32750",9466685.1,21.6,null,17,3,3,3.6,1699830.0,"Diamantina (S)","2014",6
null,null,null,92076.0,null,3.2,null,16147.0,517,"37340",2380438.0,3.9,null,2527,17,9,0.7,75929.0,"Whitsunday (R)","2014",26
null,null,null,143187.0,null,null,null,143187.0,22,"41750",673854.3,21.2,null,112,46,null,21.2,null,"Elliston (DC)","2014",46
null,null,11.0,43263.0,10,4.3,31092.0,null,151,"50770",282650.0,15.3,null,96,null,3,null,12171.0,"Boyup Brook (S)","2014",13
null,null,0.5,16595.0,3,11.9,622.0,null,471,"50840",133938.4,12.4,null,322,null,3,null,15973.0,"Bridgetown-Greenbushes (S)","2014",6
null,null,2.6,11811.0,14,4.8,4084.0,null,48,"50910",160115.3,7.4,null,64,null,2,null,7727.0,"Brookton (S)","2014",16
43.2,2,0.8,2427071.0,4,0.1,46002.0,13557.0,1336,"50980",5463180.1,44.4,2362701.0,451,5,4,0.2,4811.0,"Broome (S)","2014",15
null,null,0.6,1555.0,12,null,1547.0,8.0,102,"51080",260912.7,0.6,null,43,1,null,null,null,"Broomehill-Tambellup (S)","2014",13
14.9,1,null,27308.0,null,null,null,null,34,"32770",183515.6,14.9,27308.0,24,null,null,null,null,"Doomadgee (S)","2014",1
8.8,1,null,171382.0,null,61.7,null,241.0,277,"32810",242725.3,70.6,21273.0,865,15,8,0.1,149868.0,"Douglas (S)","2014",24
null,null,null,477090.0,null,8.9,null,129528.0,56,"33100",3920101.6,12.2,null,61,19,8,3.3,347562.0,"Etheridge (S)","2014",27
null,null,null,135726.0,null,2.4,null,37573.0,20,"33200",4119266.5,3.3,null,116,2,4,0.9,98152.0,"Flinders (S)","2014",6
null,null,null,193727.0,null,26.9,null,2568.0,6809,"33220",710250.2,27.3,null,12594,18,9,0.4,191159.0,"Fraser Coast (R)","2014",27
null,null,null,135015.0,null,11.5,null,15009.0,2448,"33360",1046579.1,12.9,null,5819,21,16,1.4,120006.0,"Gladstone (R)","2014",37
0.1,1,null,15433.0,1,9.3,5.0,2935.0,19931,"33430",133168.2,11.6,99.0,44658,22,7,2.2,12394.0,"Gold Coast (C)","2014",31
null,null,null,14120.0,null,0.6,null,2088.0,204,"33610",1925548.7,0.7,null,862,3,3,0.1,12032.0,"Goondiwindi (R)","2014",6
null,null,null,106916.0,null,14.8,null,5093.0,2698,"33620",688454.5,15.5,null,6698,17,16,0.7,101823.0,"Gympie (R)","2014",33
32.2,1,null,172236.0,null,28.6,null,1863.0,93,"33800",280134.7,61.5,90154.0,1082,3,4,0.7,80218.0,"Hinchinbrook (S)","2014",8
null,null,null,null,null,null,null,null,35,"33830",110474.9,null,null,43,null,null,null,null,"Hope Vale (S)","2014",null
null,null,null,4083.0,null,null,null,4083.0,6153,"33960",108849.0,3.8,null,18203,11,null,3.8,null,"Ipswich (C)","2014",11
null,null,null,145.0,null,null,null,145.0,4,"34830",54798.6,0.3,null,null,1,null,0.3,null,"Mapoon (S)","2014",1
null,null,null,132808.0,null,1.9,null,21053.0,338,"34860",5871136.2,2.3,null,1426,5,5,0.4,111755.0,"Maranoa (R)","2014",10
null,null,null,627448.0,null,9.8,null,103903.0,1295,"34880",5350449.7,11.7,null,1815,11,15,1.9,523545.0,"Mareeba (S)","2014",26
null,null,null,28441.0,null,10.8,null,6546.0,17349,"35010",203292.2,14.0,null,47770,32,7,3.2,21896.0,"Moreton Bay (R)","2014",39
99.0,1,null,123149.0,null,null,null,null,null,"35250",124421.0,99.0,123149.0,null,null,null,null,null,"Mornington (S)","2014",1
null,null,null,246807.0,null,4.4,null,55617.0,593,"35300",4318804.1,5.7,null,1117,6,2,1.3,191190.0,"Mount Isa (C)","2014",8
null,null,null,88487.0,null,0.7,null,58550.0,40,"35600",4069849.0,2.2,null,339,4,3,1.4,29936.0,"Murweh (S)","2014",7
null,null,null,133.0,null,null,null,133.0,13,"35670",199791.5,0.1,null,null,1,null,0.1,null,"Napranum (S)","2014",1
null,null,null,22966.0,null,23.6,null,2456.0,2715,"35740",86987.0,26.4,null,6217,32,8,2.8,20510.0,"Noosa (S)","2014",40
null,null,null,83049.0,null,3.6,null,11342.0,270,"35760",1966676.9,4.2,null,1020,12,14,0.6,71707.0,"North Burnett (R)","2014",26
null,null,null,null,null,null,null,null,23,"35780",105691.4,null,null,22,null,null,null,null,"Northern Peninsula Area (R)","2014",null
null,null,null,7298.0,null,1.2,null,6323.0,1755,"40120",79448.7,9.2,null,4551,100,1,8.0,975.0,"Adelaide Hills (DC)","2014",101
null,null,null,null,null,null,null,null,54,"35790",7063.4,null,null,228,null,null,null,null,"Palm Island (S)","2014",null
0.8,1,null,183677.0,null,1.8,null,58377.0,22,"35800",4761640.7,3.9,38294.0,176,5,4,1.2,87005.0,"Paroo (S)","2014",10
null,null,null,null,null,null,null,null,null,"36070",442883.7,null,null,null,null,null,null,null,"Pormpuraaw (S)","2014",null
null,null,null,227537.0,null,2.1,null,85844.0,null,"36150",6742331.1,3.4,null,36,2,3,1.3,141694.0,"Quilpie (S)","2014",5
null,null,null,14748.0,null,26.2,null,685.0,6950,"36250",53624.6,27.5,null,18812,15,3,1.3,14063.0,"Redland (C)","2014",18
null,null,null,6779.0,null,0.3,null,null,20,"36300",2658022.3,0.3,null,43,null,1,null,6779.0,"Richmond (S)","2014",1
null,null,null,35482.0,null,4.3,null,7252.0,4255,"36370",656029.5,5.4,null,5497,10,2,1.1,28230.0,"Rockhampton (R)","2014",12
null,null,null,86693.0,null,1.6,null,2440.0,14,"37400",5381438.5,1.6,null,55,4,1,null,84253.0,"Winton (S)","2014",5
null,null,null,5428.0,null,1.0,null,3574.0,1210,"40220",182725.7,3.0,null,5009,71,2,2.0,1854.0,"Alexandrina (DC)","2014",73
null,null,null,461.0,null,null,null,461.0,1312,"47700",9520.8,4.8,null,11332,4,null,4.8,null,"Tea Tree Gully (C)","2014",4
null,null,null,153928.0,null,4.4,null,115342.0,177,"47800",883244.6,17.4,null,794,105,1,13.1,38586.0,"The Coorong (DC)","2014",106
null,null,null,14536.0,null,null,null,14536.0,58,"47910",266905.6,5.4,null,460,21,null,5.4,null,"Tumby Bay (DC)","2014",21
null,null,2.1,5877.0,24,null,5851.0,26.0,103,"51120",272470.7,2.2,null,88,1,null,null,null,"Bruce Rock (S)","2014",25
null,null,null,17.0,null,0.1,null,14.0,1130,"51190",6523.4,0.3,null,2292,1,1,0.2,3.0,"Bunbury (C)","2014",2
null,null,0.5,12569.0,22,8.0,772.0,176.0,2886,"51260",145400.9,8.6,null,3138,2,4,0.1,11621.0,"Busselton (C)","2014",28
null,null,null,null,null,null,null,null,803,"51310",2199.4,null,null,1138,null,null,null,null,"Cambridge (T)","2014",null
null,null,0.2,108.0,1,1.5,13.0,null,4020,"51330",6490.0,1.7,null,7592,null,3,null,94.0,"Canning (C)","2014",4
null,null,0.2,1508.0,4,2.5,134.0,null,993,"51400",55781.2,2.7,null,1338,null,1,null,1374.0,"Capel (S)","2014",5
null,null,null,null,null,null,null,null,3,"37550",39027.9,null,null,7,null,null,null,null,"Woorabinda (S)","2014",null
51.2,6,null,5234677.0,null,null,null,null,66,"40250",1.02320479E7,51.2,5234677.0,13,null,null,null,null,"Anangu Pitjantjatjara (AC)","2014",6
null,null,null,null,null,null,null,null,9,"37570",1118.1,null,null,12,null,null,null,null,"Wujal Wujal (S)","2014",null
null,null,null,16.0,null,0.1,null,2.0,150,"37600",15884.3,0.1,null,165,1,1,null,14.0,"Yarrabah (S)","2014",2
null,null,null,null,null,null,null,null,304,"40070",1557.2,null,null,662,null,null,null,null,"Adelaide (C)","2014",null
null,null,null,63.0,null,1.9,null,11.0,667,"40700",2751.8,2.3,null,3690,2,1,0.4,52.0,"Burnside (C)","2014",3
null,null,null,116.0,null,null,null,116.0,723,"40910",2435.0,4.8,null,4488,1,null,4.8,null,"Campbelltown (C)","2014",1
null,null,null,103878.0,null,null,null,103878.0,225,"41010",542014.2,19.2,null,381,33,null,19.2,null,"Ceduna (DC)","2014",33
null,null,null,96189.0,null,null,null,96189.0,44,"41190",501884.9,19.2,null,303,29,null,19.2,null,"Cleve (DC)","2014",29
null,null,null,null,null,null,null,null,114,"41330",7768.0,null,null,8,null,null,null,null,"Coober Pedy (DC)","2014",null
null,null,null,58.0,null,null,null,58.0,359,"41560",77291.5,0.1,null,2555,1,null,0.1,null,"Copper Coast (DC)","2014",1
2.6,1,null,14360.0,null,null,null,3474.0,58,"41830",412639.5,3.5,10885.0,337,4,null,0.8,null,"Flinders Ranges (DC)","2014",5
null,null,null,61589.0,null,null,null,61589.0,59,"41960",275556.4,22.4,null,229,37,null,22.4,null,"Franklin Harbour (DC)","2014",37
null,null,16.1,62332.0,11,5.6,46146.0,115.0,32,"51470",287295.2,21.7,null,48,3,3,null,16071.0,"Carnamah (S)","2014",17
null,null,0.2,332461.0,4,6.1,9322.0,40557.0,809,"51540",4656223.9,7.1,null,207,6,6,0.9,282582.0,"Carnarvon (S)","2014",16
null,null,14.2,57497.0,11,null,56651.0,844.0,117,"51610",398257.9,14.4,null,89,5,1,0.2,2.0,"Chapman Valley (S)","2014",17
null,null,null,null,null,null,null,null,653,"42030",4109.0,null,null,2654,null,null,null,null,"Gawler (T)","2014",null
null,null,null,12119.0,null,null,null,12119.0,127,"42110",671601.7,1.8,null,488,26,null,1.8,null,"Goyder (DC)","2014",26
null,null,null,6342.0,null,null,null,6341.0,144,"42250",189800.5,3.3,null,631,33,1,3.3,1.0,"Grant (DC)","2014",34
null,null,0.7,254388.0,7,7.1,21344.0,16113.0,50,"51960",3035390.0,8.4,null,58,3,7,0.5,216931.0,"Coolgardie (S)","2014",17
null,null,null,null,null,null,null,null,631,"42600",1375.2,null,null,3243,null,null,null,null,"Holdfast Bay (C)","2014",null
null,null,null,148966.0,null,7.4,null,116303.0,182,"42750",440073.1,33.9,null,701,152,1,26.4,32663.0,"Kangaroo Island (DC)","2014",153
null,null,null,52521.0,null,null,null,52521.0,34,"43080",441579.6,11.9,null,141,54,null,11.9,null,"Karoonda East Murray (DC)","2014",54
null,null,null,64147.0,null,null,null,64147.0,38,"43220",398394.7,16.1,null,142,35,null,16.1,null,"Kimba (DC)","2014",35
null,null,null,28334.0,null,2.6,null,19586.0,60,"43360",333978.7,8.5,null,298,44,1,5.9,8748.0,"Kingston (DC)","2014",45
null,null,null,68.0,null,null,null,68.0,587,"43650",127684.5,0.1,null,2029,4,null,0.1,null,"Light (RegC)","2014",4
null,null,null,95208.0,null,10.7,null,44634.0,126,"43710",472118.8,20.2,null,687,84,2,9.5,50574.0,"Lower Eyre Peninsula (DC)","2014",86
null,null,null,101795.0,null,null,null,101792.0,494,"43790",799929.4,12.7,null,1824,99,1,12.7,3.0,"Loxton Waikerie (DC)","2014",100
null,null,null,602.0,null,null,null,602.0,377,"43920",93241.9,0.6,null,1331,5,null,0.6,null,"Mallala (DC)","2014",5
null,null,9.1,72025.0,13,8.1,38052.0,116.0,91,"52030",418882.8,17.2,null,102,2,4,null,33857.0,"Coorow (S)","2014",19
null,1,null,2132783.0,1,null,28.0,2132597.0,5,"44000",1.02737812E7,20.8,158.0,7,1,null,20.8,null,"Maralinga Tjarutja (AC)","2014",3
null,null,null,334.0,null,null,null,334.0,1484,"44060",5563.8,6.0,null,8912,3,null,6.0,null,"Marion (C)","2014",3
null,null,null,37242.0,null,null,null,37242.0,365,"44210",627137.7,5.9,null,1727,88,null,5.9,null,"Mid Murray (DC)","2014",88
null,null,null,1199.0,null,null,null,1199.0,1897,"44340",7554.7,15.9,null,6142,12,null,15.9,null,"Mitcham (C)","2014",12
null,null,null,159.0,null,null,null,159.0,1295,"44550",59464.9,0.3,null,4014,13,null,0.3,null,"Mount Barker (DC)","2014",13
null,null,null,null,null,null,null,null,288,"44620",3389.4,null,null,1424,null,null,null,null,"Mount Gambier (C)","2014",null
null,null,null,19027.0,null,null,null,19027.0,121,"44830",342277.3,5.6,null,522,17,null,5.6,null,"Mount Remarkable (DC)","2014",17
null,null,null,14031.0,null,null,null,14031.0,582,"45040",183175.9,7.7,null,2671,136,null,7.7,null,"Murray Bridge (RC)","2014",136
7.0,3,null,1851230.0,3,6.4,239.0,249627.0,491,"52800",1.19841847E7,15.4,839428.0,130,3,8,2.1,761936.0,"Derby-West Kimberley (S)","2014",17
null,null,0.4,7733.0,3,4.5,652.0,42.0,737,"52870",155997.5,5.0,null,655,2,2,null,7040.0,"Donnybrook-Balingup (S)","2014",7
null,null,null,18662.0,null,0.1,null,18004.0,154,"45090",452012.7,4.1,null,740,84,1,4.0,658.0,"Naracoorte and Lucindale (DC)","2014",85
null,null,null,561.0,null,null,null,561.0,264,"45120",298618.2,0.2,null,753,8,null,0.2,null,"Northern Areas (DC)","2014",8
null,null,null,null,null,null,null,null,382,"45290",1510.3,null,null,2790,null,null,null,null,"Norwood Payneham St Peters (C)","2014",null
null,null,null,2948.0,null,3.0,null,1404.0,4465,"45340",51812.3,5.7,null,21507,37,1,2.7,1544.0,"Onkaparinga (C)","2014",38
null,null,null,445.0,null,null,null,445.0,17,"45400",332182.4,0.1,null,166,3,null,0.1,null,"Orroroo/Carrieton (DC)","2014",3
null,null,0.8,139398.0,5,20.6,5295.0,null,102,"54130",650748.4,21.4,null,51,null,1,null,134103.0,"Jerramungup (S)","2014",6
null,null,3.4,406.0,2,0.3,338.0,40.0,7594,"54170",9892.7,4.1,null,13598,3,2,0.4,28.0,"Joondalup (C)","2014",7
null,null,0.2,9399.0,3,28.8,51.0,13.0,4977,"54200",32420.0,29.0,null,5297,1,7,null,9335.0,"Kalamunda (S)","2014",11
null,null,null,null,null,null,null,null,52,"45540",302001.8,null,null,250,null,null,null,null,"Peterborough (DC)","2014",null
null,null,null,1907.0,null,null,null,1907.0,2630,"45680",34493.2,5.5,null,7753,4,null,5.5,null,"Playford (C)","2014",4
null,null,null,4.0,null,null,null,4.0,1623,"45890",9175.0,null,null,11100,1,null,null,null,"Port Adelaide Enfield (C)","2014",1
null,null,null,4154.0,null,null,null,4154.0,704,"46090",115207.4,3.6,null,1818,1,null,3.6,null,"Port Augusta (C)","2014",1
null,null,null,null,null,null,null,null,301,"46300",3036.7,null,null,1534,null,null,null,null,"Port Lincoln (C)","2014",null
null,null,null,3327.0,null,null,null,3327.0,305,"46450",176070.9,1.9,null,2235,6,null,1.9,null,"Port Pirie City and Dists (M)","2014",6
null,null,null,null,null,null,null,null,231,"46510",779.2,null,null,1720,null,null,null,null,"Prospect (C)","2014",null
null,null,null,4660.0,null,null,null,4660.0,233,"46670",91586.5,5.1,null,1118,9,null,5.1,null,"Renmark Paringa (DC)","2014",9
null,null,null,9571.0,null,null,null,9571.0,39,"46860",109160.8,8.8,null,227,21,null,8.8,null,"Robe (DC)","2014",21
null,null,null,null,null,null,null,null,129,"46970",10990.7,null,null,102,null,null,null,null,"Roxby Downs (M)","2014",null
null,null,null,185.0,null,null,null,185.0,3431,"47140",15804.3,1.2,null,14377,1,null,1.2,null,"Salisbury (C)","2014",1
null,null,null,181662.0,null,null,null,181662.0,63,"47290",570220.9,31.9,null,230,36,null,31.9,null,"Southern Mallee (DC)","2014",36
null,null,null,79281.0,null,null,null,79281.0,98,"47490",624702.8,12.7,null,355,45,null,12.7,null,"Streaky Bay (DC)","2014",45
null,null,null,91536.0,null,null,null,91536.0,149,"47630",652720.2,14.0,null,714,92,null,14.0,null,"Tatiara (DC)","2014",92
null,null,null,null,null,null,null,null,440,"47980",1427.1,null,null,2948,null,null,null,null,"Unley (C)","2014",null
null,null,null,2950.0,null,null,null,2950.0,691,"48050",38462.1,7.7,null,3055,60,null,7.7,null,"Victor Harbor (C)","2014",60
null,null,null,961.0,null,null,null,961.0,209,"48130",346848.8,0.3,null,921,9,null,0.3,null,"Wakefield (DC)","2014",9
null,null,null,101074.0,null,null,null,101074.0,37,"48640",539392.2,18.7,null,157,40,null,18.7,null,"Wudinna (DC)","2014",40
null,null,null,null,null,null,null,null,99,"48260",353.0,null,null,626,null,null,null,null,"Walkerville (M)","2014",null
null,null,null,20437.0,null,null,null,20437.0,141,"48340",392634.3,5.2,null,1118,65,null,5.2,null,"Wattle Range (DC)","2014",65
null,null,null,null,null,null,null,null,699,"48410",3704.0,null,null,4527,null,null,null,null,"West Torrens (C)","2014",null
null,null,null,2181.0,null,null,null,2181.0,1060,"48540",106959.2,2.0,null,2845,3,null,2.0,null,"Whyalla (C)","2014",3
null,null,null,5889.0,null,5.8,null,1501.0,359,"48750",75125.8,7.8,null,1104,35,1,2.0,4388.0,"Yankalilla (DC)","2014",36
null,null,null,31903.0,null,1.6,null,22484.0,458,"48830",589960.8,5.4,null,2802,53,1,3.8,9419.0,"Yorke Peninsula (DC)","2014",54
1.5,3,null,2.0166325E7,null,0.8,null,1.8695854E7,124,"49399",6.23483041E7,32.3,942852.0,197,112,7,30.0,527619.0,"Unincorporated SA","2014",122
null,null,4.4,37370.0,42,4.2,19134.0,null,1686,"50080",430993.8,8.7,null,1807,3,8,null,18236.0,"Albany (C)","2014",53
null,null,0.8,5527.0,6,9.1,438.0,null,5121,"50210",55991.6,9.9,null,6242,null,5,null,5089.0,"Armadale (C)","2014",11
null,null,1.5,1884.0,11,null,1874.0,null,734,"51680",121990.4,1.5,null,573,null,2,null,10.0,"Chittering (S)","2014",13
null,null,null,null,null,null,null,null,280,"51750",495.6,null,null,501,null,null,null,null,"Claremont (T)","2014",null
null,null,5.1,1297.0,4,2.6,858.0,null,5309,"51820",16793.8,7.7,null,8208,null,5,null,439.0,"Cockburn (C)","2014",9
null,null,null,39428.0,1,23.1,7.0,null,783,"51890",171002.3,23.1,null,816,null,5,null,39421.0,"Collie (S)","2014",6
null,null,1.1,3264.0,14,null,2988.0,277.0,128,"52100",268059.6,1.2,null,110,2,null,0.1,null,"Corrigin (S)","2014",16
null,null,null,null,null,null,null,null,239,"52170",385.6,null,null,271,null,null,null,null,"Cottesloe (T)","2014",null
null,null,4.4,45369.0,27,9.5,14377.0,null,72,"52240",327746.6,13.8,null,45,null,3,null,30992.0,"Cranbrook (S)","2014",30
null,null,0.9,1190.0,10,null,1105.0,85.0,72,"52310",119494.8,1.0,null,78,1,null,0.1,null,"Cuballing (S)","2014",11
null,null,null,51513.0,null,3.8,null,null,16,"52380",1358487.8,3.8,null,17,null,2,null,51513.0,"Cue (S)","2014",2
null,null,null,44.0,2,null,44.0,null,94,"52450",186244.6,null,null,73,null,null,null,null,"Cunderdin (S)","2014",2
null,null,1.1,7677.0,14,null,7674.0,null,169,"52520",722722.3,1.1,null,81,null,1,null,3.0,"Dalwallinu (S)","2014",15
null,null,7.2,121946.0,30,10.8,48229.0,1158.0,372,"52590",671148.9,18.2,null,353,7,10,0.2,72559.0,"Dandaragan (S)","2014",47
null,null,null,9876.0,1,17.5,12.0,683.0,791,"52660",52591.8,18.8,null,1304,1,2,1.3,9181.0,"Dardanup (S)","2014",4
null,null,3.8,107947.0,11,53.6,7150.0,1085.0,595,"52730",185989.8,58.0,null,451,6,7,0.6,99712.0,"Denmark (S)","2014",24
null,null,1.0,1892.0,12,null,1841.0,51.0,41,"52940",186308.5,1.0,null,42,2,null,null,null,"Dowerin (S)","2014",14
null,null,4.3,11051.0,27,null,11051.0,null,60,"53010",254127.5,4.3,null,37,null,null,null,null,"Dumbleyung (S)","2014",27
null,null,9.6,893054.0,5,null,889623.0,null,20,"53080",9258721.8,9.6,null,24,null,1,null,3431.0,"Dundas (S)","2014",6
null,null,null,null,null,null,null,null,270,"53150",313.9,null,null,370,null,null,null,null,"East Fremantle (T)","2014",null
13.3,4,null,6442129.0,null,4.1,null,null,746,"53220",3.71244044E7,17.4,4920630.0,79,null,2,null,1521499.0,"East Pilbara (S)","2014",6
null,null,13.9,1003689.0,63,8.3,626836.0,3774.0,642,"53290",4503879.2,22.3,null,536,4,6,0.1,373079.0,"Esperance (S)","2014",73
null,null,0.2,285874.0,2,43.8,1440.0,null,261,"53360",648807.0,44.1,null,126,null,4,null,284434.0,"Exmouth (S)","2014",6
null,null,null,null,null,null,null,null,1205,"53430",1901.0,null,null,1808,null,null,null,null,"Fremantle (C)","2014",null
null,null,9.9,51938.0,23,6.2,31891.0,null,771,"53570",320844.2,16.2,null,740,null,3,null,20047.0,"Gingin (S)","2014",26
null,null,0.8,40901.0,11,8.8,3428.0,null,130,"53640",426556.9,9.6,null,75,null,2,null,37474.0,"Gnowangerup (S)","2014",13
null,null,2.9,354518.0,3,0.2,273122.0,65448.0,579,"54280",9515152.6,3.7,null,888,6,2,0.7,15949.0,"Kalgoorlie/Boulder (C)","2014",11
null,null,0.7,21004.0,5,0.6,11299.0,28.0,490,"54310",1523579.8,1.4,null,229,5,5,null,9676.0,"Karratha (C)","2014",15
null,null,0.2,411.0,3,null,411.0,null,67,"53710",183542.9,0.2,null,62,null,null,null,null,"Goomalling (S)","2014",3
null,null,12.3,199044.0,38,4.5,145917.0,null,75,"54900",1188582.9,16.7,null,53,null,1,null,53127.0,"Lake Grace (S)","2014",39
null,null,0.5,617.0,2,4.3,66.0,null,5211,"53780",12719.9,4.8,null,10581,null,1,null,551.0,"Gosnells (C)","2014",3
null,null,2.3,70410.0,18,4.9,22313.0,null,3370,"53800",988911.2,7.1,null,2634,null,3,null,48097.0,"Greater Geraldton (C)","2014",21
10.2,3,null,2253055.0,null,2.4,null,569510.0,160,"53920",1.3306138E7,16.9,1359398.0,21,2,3,4.3,324147.0,"Halls Creek (S)","2014",8
null,null,0.7,5796.0,11,2.6,1231.0,74.0,1535,"53990",172787.8,3.4,null,2225,3,4,null,4492.0,"Harvey (S)","2014",18
null,null,12.3,29278.0,5,null,29278.0,null,474,"54060",237196.1,12.3,null,338,null,null,null,null,"Irwin (S)","2014",5
null,null,3.2,4967.0,8,null,4908.0,59.0,360,"54340",151829.3,3.3,null,154,1,null,null,null,"Katanning (S)","2014",9
null,null,1.6,3016.0,13,null,3016.0,null,60,"54410",191557.8,1.6,null,88,null,null,null,null,"Kellerberrin (S)","2014",13
null,null,20.2,116101.0,26,0.2,113933.0,867.0,42,"54480",563010.6,20.6,null,19,3,1,0.2,1302.0,"Kent (S)","2014",30
null,null,0.7,2050.0,19,null,2050.0,null,156,"54550",293114.1,0.7,null,86,null,null,null,null,"Kojonup (S)","2014",19
null,null,3.9,29060.0,28,null,29060.0,null,89,"54620",742208.6,3.9,null,37,null,null,null,null,"Kondinin (S)","2014",28
null,null,2.3,6511.0,13,null,6507.0,4.0,29,"54690",283235.2,2.3,null,13,1,null,null,null,"Koorda (S)","2014",14
null,null,6.1,28768.0,45,null,28768.0,null,61,"54760",471686.1,6.1,null,74,null,null,null,null,"Kulin (S)","2014",45
null,null,3.9,480.0,2,0.1,468.0,null,2223,"54830",12001.2,4.0,null,2983,null,1,null,12.0,"Kwinana (C)","2014",3
0.1,2,6.6,1193531.0,4,null,1179933.0,null,25,"54970",1.79892176E7,6.6,13598.0,11,null,null,null,null,"Laverton (S)","2014",6
null,null,null,null,null,null,null,null,195,"56520",1312.7,null,null,211,null,null,null,null,"Narrogin (T)","2014",null
null,null,null,null,null,null,null,null,608,"56580",1994.7,null,null,881,null,null,null,null,"Nedlands (C)","2014",null
null,null,1.4,45800.0,1,null,45800.0,null,82,"55040",3189320.7,1.4,null,214,null,null,null,null,"Leonora (S)","2014",1
null,null,1.8,5083.0,5,27.3,320.0,7.0,5531,"55110",17422.5,29.2,null,9623,1,2,null,4757.0,"Mandurah (C)","2014",8
null,null,5.3,366380.0,17,46.9,36984.0,193.0,758,"55180",702574.8,52.1,null,530,5,22,null,329204.0,"Manjimup (S)","2014",44
null,null,null,826234.0,null,6.4,null,189139.0,87,"55250",1.00120813E7,8.3,null,38,1,2,1.9,637095.0,"Meekatharra (S)","2014",3
null,null,0.2,13.0,1,null,11.0,2.0,4151,"55320",5281.8,0.2,null,6866,1,null,null,null,"Melville (C)","2014",2
64.5,4,11.5,1.2186572E7,1,null,1842021.0,null,27,"56620",1.60378066E7,76.0,1.0344551E7,5,null,null,null,null,"Ngaanyatjarraku (S)","2014",5
null,null,22.9,3118814.0,4,2.2,2849153.0,null,5,"55390",1.24577154E7,25.0,null,7,null,4,null,269661.0,"Menzies (S)","2014",8
null,null,2.2,7528.0,21,0.1,7271.0,null,271,"55460",329439.3,2.3,null,231,null,1,null,258.0,"Merredin (S)","2014",22
null,null,0.5,1769.0,3,0.4,1014.0,null,41,"55530",193485.6,0.9,null,26,null,1,null,755.0,"Mingenew (S)","2014",4
null,null,0.4,13456.0,13,3.2,1451.0,1.0,170,"55600",376298.0,3.6,null,156,1,1,null,12004.0,"Moora (S)","2014",15
null,null,0.7,49579.0,10,13.4,2424.0,null,62,"55670",351255.0,14.1,null,35,null,2,null,47155.0,"Morawa (S)","2014",12
null,null,null,3.0,null,null,null,3.0,48,"56930",106.8,3.0,null,54,1,null,3.0,null,"Peppermint Grove (S)","2014",1
null,null,null,null,null,null,null,null,230,"55740",434.7,null,null,327,null,null,null,null,"Mosman Park (T)","2014",null
null,null,null,9.0,null,null,null,null,34,"55810",1387288.5,null,null,40,null,1,null,9.0,"Mount Magnet (S)","2014",1
null,null,29.6,301450.0,17,null,301450.0,null,46,"55880",1018592.1,29.6,null,19,null,null,null,null,"Mount Marshall (S)","2014",17
null,null,null,2.0,null,null,null,2.0,97,"57080",1202.1,0.2,null,224,1,null,0.2,null,"Perth (C)","2014",1
null,null,5.9,7592.0,20,null,7590.0,2.0,87,"57140",129404.7,5.9,null,67,1,null,null,null,"Pingelly (S)","2014",21
null,null,5.3,18115.0,15,null,18112.0,3.0,46,"55950",343499.0,5.3,null,37,1,null,null,null,"Mukinbudin (S)","2014",16
null,null,0.2,8285.0,5,12.6,156.0,46.0,3927,"56090",64325.2,12.9,null,3306,1,6,0.1,8084.0,"Mundaring (S)","2014",12
null,null,1.0,143601.0,21,28.3,4921.0,511.0,351,"57210",487646.5,29.4,null,293,1,4,0.1,138168.0,"Plantagenet (S)","2014",26
null,null,null,71.0,2,null,71.0,null,592,"57280",1843110.9,null,null,179,1,null,null,null,"Port Hedland (T)","2014",3
null,null,1.3,2647.0,20,null,2632.0,14.0,102,"57350",201692.7,1.3,null,106,2,null,null,null,"Quairading (S)","2014",22
null,null,3.0,194508.0,13,16.7,29797.0,716.0,108,"57420",982899.9,19.8,null,103,1,4,0.1,163995.0,"Ravensthorpe (S)","2014",18
null,null,2.8,875.0,3,0.6,707.0,11.0,6577,"57490",25689.1,3.4,null,12180,1,2,null,156.0,"Rockingham (C)","2014",6
null,null,0.2,335658.0,1,7.2,9427.0,null,14,"56160",4503017.0,7.5,null,4,null,3,null,326232.0,"Murchison (S)","2014",4
null,null,1.9,5799.0,18,1.5,3249.0,16.0,1888,"56230",171004.8,3.4,null,2206,1,3,null,2535.0,"Murray (S)","2014",22
null,null,2.0,86188.0,3,26.1,6059.0,432.0,115,"56300",305370.8,28.2,null,141,5,10,0.1,79698.0,"Nannup (S)","2014",18
null,null,null,319728.0,null,4.6,null,300848.0,94,"61510",410810.6,77.8,null,405,37,3,73.2,18881.0,"Derwent Valley (M)","2014",40
null,null,null,302.0,null,null,null,302.0,156,"61610",11125.8,2.7,null,962,9,null,2.7,null,"Devonport (C)","2014",9
null,null,null,60111.0,4,1.6,29.0,55079.0,108,"61810",322759.7,18.6,null,377,52,1,17.1,5004.0,"Dorset (M)","2014",57
5.3,5,5.7,79296.0,8,5.0,11328.0,47560.0,92,"62010",199662.4,39.7,10519.0,115,71,3,23.8,9888.0,"Flinders (M)","2014",87
null,null,null,7805.0,null,null,null,7805.0,81,"62210",65343.8,11.9,null,382,20,null,11.9,null,"George Town (M)","2014",20
null,null,1.7,74120.0,11,7.5,4438.0,50281.0,80,"62410",259134.7,28.6,null,397,119,3,19.4,19402.0,"Glamorgan/Spring Bay (M)","2014",133
null,null,null,4145.0,null,33.9,null,37.0,369,"62610",12114.9,34.2,null,1713,4,1,0.3,4109.0,"Glenorchy (C)","2014",5
null,null,null,1823.0,null,22.1,null,100.0,802,"62810",7791.1,23.4,null,2007,5,1,1.3,1722.0,"Hobart (C)","2014",6
null,null,1.1,4431.0,13,null,4388.0,44.0,71,"56370",383325.5,1.2,null,37,1,null,null,null,"Narembeen (S)","2014",14
null,null,4.0,6433.0,21,null,6397.0,35.0,49,"56450",161835.4,4.0,null,52,2,null,null,null,"Narrogin (S)","2014",23
null,null,null,401066.0,2,2.5,20.0,387188.0,306,"63010",550735.6,72.8,null,1120,71,3,70.3,13857.0,"Huon Valley (M)","2014",76
null,null,null,28980.0,null,null,null,28980.0,94,"63210",115596.5,25.1,null,333,36,null,25.1,null,"Kentish (M)","2014",36
null,null,0.2,17113.0,6,7.1,175.0,9194.0,138,"63410",109576.4,15.6,null,185,35,2,8.4,7744.0,"King Island (M)","2014",43
null,1,0.2,18140.0,5,11.5,177.0,9672.0,787,"63610",72010.3,25.2,13.0,2167,78,3,13.4,8278.0,"Kingborough (M)","2014",87
null,null,0.1,6898.0,1,5.1,49.0,3810.0,113,"63810",60046.4,11.5,null,539,17,1,6.3,3039.0,"Latrobe (M)","2014",19
null,null,0.1,8153.0,1,null,108.0,8045.0,679,"64010",141362.3,5.8,null,2566,57,null,5.7,null,"Launceston (C)","2014",58
null,null,null,126141.0,1,2.2,43.0,118906.0,244,"64210",333033.9,37.9,null,969,100,7,35.7,7191.0,"Meander Valley (M)","2014",108
null,null,0.2,68695.0,2,3.7,1281.0,48521.0,176,"64610",513650.1,13.4,null,593,114,4,9.4,18893.0,"Northern Midlands (M)","2014",120
null,null,2.0,3646.0,7,null,1191.0,2455.0,156,"64810",58367.6,6.2,null,852,30,null,4.2,null,"Sorell (M)","2014",37
null,null,0.5,18531.0,8,null,1259.0,17272.0,49,"65010",261542.1,7.1,null,298,75,null,6.6,null,"Southern Midlands (M)","2014",83
null,null,2.8,6687.0,13,1.8,4061.0,null,804,"56730",143122.1,4.7,null,853,null,1,null,2626.0,"Northam (S)","2014",14
null,null,0.1,231321.0,13,18.2,1299.0,692.0,249,"56790",1261768.5,18.3,null,270,2,2,0.1,229330.0,"Northampton (S)","2014",17
null,null,8.7,10939.0,5,null,10083.0,856.0,22,"56860",116300.8,9.4,null,11,1,null,0.7,null,"Nungarin (S)","2014",6
null,null,0.2,298679.0,9,35.8,1625.0,null,51,"57000",830044.8,36.0,null,26,null,4,null,297055.0,"Perenjori (S)","2014",13
null,null,null,367123.0,1,11.2,52.0,null,10,"57630",3266648.8,11.2,null,19,null,4,null,367071.0,"Sandstone (S)","2014",5
null,null,0.7,5001.0,8,4.9,609.0,2.0,2309,"57700",90407.3,5.5,null,2170,1,3,null,4390.0,"Serpentine-Jarrahdale (S)","2014",12
null,null,19.0,914331.0,3,12.1,459785.0,162992.0,53,"57770",2414016.1,37.9,null,98,5,5,6.8,291554.0,"Shark Bay (S)","2014",13
null,null,0.2,4.0,1,null,4.0,null,918,"57840",1981.2,0.2,null,1866,null,null,null,null,"South Perth (C)","2014",1
null,null,0.1,7.0,1,null,5.0,2.0,6811,"57910",10472.6,0.1,null,10482,3,null,null,null,"Stirling (C)","2014",4
null,null,null,17.0,null,null,null,17.0,418,"57980",697.6,2.4,null,690,1,null,2.4,null,"Subiaco (C)","2014",1
null,null,2.5,9442.0,15,4.3,2596.0,2346.0,6834,"58050",104321.9,9.1,null,10647,4,3,2.2,4500.0,"Swan (C)","2014",22
null,null,1.5,1600.0,9,null,1600.0,null,46,"58190",110169.2,1.5,null,26,null,null,null,null,"Tammin (S)","2014",9
null,null,1.9,5133.0,10,null,5002.0,131.0,46,"58260",265291.0,1.9,null,28,1,null,null,null,"Three Springs (S)","2014",11
null,null,0.1,17127.0,1,18.6,41.0,4829.0,66,"65210",66049.6,25.9,null,185,50,2,7.3,12257.0,"Tasman (M)","2014",53
null,null,null,163563.0,null,1.1,null,159531.0,100,"65410",353104.3,46.3,null,598,39,3,45.2,4031.0,"Waratah/Wynyard (M)","2014",42
null,null,null,816251.0,1,1.1,139.0,805758.0,8,"65610",958977.6,85.1,null,124,40,2,84.0,10355.0,"West Coast (M)","2014",43
null,null,null,5256.0,null,1.5,null,4247.0,366,"65810",69114.5,7.6,null,1436,34,1,6.1,1009.0,"West Tamar (M)","2014",35
null,null,null,5023.0,null,null,null,5023.0,2196,"70200",32751.0,15.3,null,1092,4,null,15.3,null,"Alice Springs (T)","2014",4
null,null,3.3,11445.0,15,1.3,5649.0,3628.0,508,"58330",169164.9,6.8,null,633,2,1,2.1,2167.0,"Toodyay (S)","2014",18
null,null,null,null,null,null,null,null,3417,"72800",5265.4,null,null,671,null,null,null,null,"Palmerston (C)","2014",null
2.1,2,null,2374270.0,null,2.9,null,1451625.0,128,"73600",1.8528663E7,12.8,393835.0,37,5,3,7.8,528810.0,"Roper Gulf (R)","2014",10
null,null,null,null,null,null,null,null,35,"74050",746256.8,null,null,15,null,null,null,null,"Tiwi Islands (R)","2014",null
null,null,1.8,3047.0,7,null,3044.0,3.0,42,"58400",165094.4,1.8,null,8,1,null,null,null,"Trayning (S)","2014",8
1.5,2,null,1954232.0,null,1.2,null,1551063.0,52,"74550",1.50092959E7,13.0,225055.0,20,10,1,10.3,178114.0,"Victoria Daly (R)","2014",13
null,null,null,888067.0,null,13.2,null,123450.0,10,"58470",5788343.3,15.3,null,15,2,7,2.1,764617.0,"Upper Gascoyne (S)","2014",9
null,null,null,null,null,null,null,null,789,"58510",1793.1,null,null,1455,null,null,null,null,"Victoria Park (T)","2014",null
null,null,0.4,1038.0,11,null,1038.0,null,59,"58540",255094.5,0.4,null,49,null,null,null,null,"Victoria Plains (S)","2014",11
null,null,null,null,null,null,null,null,5,"74560",563.5,null,null,null,null,null,null,null,"Wagait (S)","2014",null
null,null,null,null,null,null,null,null,480,"58570",1137.7,null,null,1010,null,null,null,null,"Vincent (C)","2014",null
null,null,2.7,5330.0,20,null,5330.0,null,141,"58610",194573.1,2.7,null,143,null,null,null,null,"Wagin (S)","2014",20
null,null,0.2,16884.0,4,8.7,415.0,null,33,"58680",189962.2,8.9,null,25,null,2,null,16468.0,"Wandering (S)","2014",6
null,null,2.6,5660.0,4,5.6,1797.0,11.0,8835,"58760",68506.1,8.3,null,15039,1,2,null,3852.0,"Wanneroo (C)","2014",7
null,null,0.7,18500.0,3,21.6,555.0,null,620,"58820",83184.7,22.2,null,352,1,4,null,17944.0,"Waroona (S)","2014",8
null,null,1.1,10882.0,17,2.7,3075.0,200.0,63,"58890",283264.8,3.8,null,60,2,2,0.1,7607.0,"West Arthur (S)","2014",21
35.0,2,null,3512192.0,null,35.7,null,null,76,"74660",4969247.9,70.7,1739193.0,37,null,2,null,1773000.0,"West Arnhem (R)","2014",4
3.9,1,null,67359.0,null,null,null,null,41,"74680",1723058.9,3.9,67359.0,17,null,null,null,null,"West Daly (R)","2014",1
null,2,null,331583.0,null,null,null,331347.0,253,"79399",1978517.0,16.8,237.0,43,7,null,16.7,null,"Unincorporated NT","2014",9
null,null,10.0,130219.0,45,33.0,23488.0,28953.0,7843,"89399",235794.6,55.2,null,15476,2,4,12.3,77777.0,"Unincorporated ACT","2014",51
null,null,null,14211.0,null,65.0,null,67.0,39,"99399",21765.1,65.3,null,85,1,4,0.3,14143.0,"Unincorp. Other Territories","2014",5
null,null,8.3,27500.0,18,null,27500.0,null,27,"59030",331400.7,8.3,null,22,null,null,null,null,"Westonia (S)","2014",18
null,null,1.8,3900.0,21,null,3762.0,138.0,57,"59100",203983.6,1.9,null,52,1,null,0.1,null,"Wickepin (S)","2014",22
null,null,0.3,1778.0,6,0.5,663.0,null,84,"59170",230448.1,0.8,null,53,null,1,null,1115.0,"Williams (S)","2014",7
35.9,1,0.1,7121762.0,2,3.4,10453.0,null,32,"59250",1.81294372E7,39.3,6499759.0,3,null,3,null,611550.0,"Wiluna (S)","2014",6
null,null,1.6,5405.0,23,null,5405.0,null,107,"59310",336506.7,1.6,null,53,null,null,null,null,"Wongan-Ballidu (S)","2014",23
null,null,1.2,1328.0,11,null,1328.0,null,51,"59320",112835.0,1.2,null,32,null,null,null,null,"Woodanilling (S)","2014",11
null,null,0.9,1437.0,18,null,1437.0,null,29,"59330",159435.4,0.9,null,40,null,null,null,null,"Wyalkatchem (S)","2014",18
32.5,4,1.0,4924217.0,7,10.4,112732.0,1104.0,423,"59340",1.1202282E7,44.0,3643909.0,196,4,7,null,1166472.0,"Wyndham-East Kimberley (S)","2014",22
1.7,1,null,641274.0,null,21.3,null,null,40,"59350",2793635.3,23.0,46870.0,13,null,8,null,594404.0,"Yalgoo (S)","2014",9
null,null,11.5,469829.0,24,4.0,348282.0,null,86,"59360",3037633.8,15.5,null,29,null,1,null,121547.0,"Yilgarn (S)","2014",25
null,null,0.2,30957.0,6,14.3,421.0,null,408,"59370",213159.1,14.5,null,387,null,2,null,30536.0,"York (S)","2014",8
null,null,null,82143.0,2,8.7,11.0,51554.0,113,"60210",352577.0,23.3,null,504,120,3,14.6,30578.0,"Break O'Day (M)","2014",125
null,null,null,839.0,1,null,4.0,835.0,141,"60410",17126.2,4.9,null,836,7,null,4.9,null,"Brighton (M)","2014",8
null,null,null,4368.0,null,null,null,4368.0,117,"60610",61095.3,7.1,null,552,13,null,7.1,null,"Burnie (C)","2014",13
null,null,0.1,9344.0,2,0.1,129.0,9154.0,199,"60810",93308.8,10.0,null,1011,29,1,9.8,61.0,"Central Coast (M)","2014",32
null,null,0.2,295086.0,7,1.4,1470.0,282547.0,20,"61010",798241.5,37.0,null,96,90,1,35.4,11069.0,"Central Highlands (M)","2014",98
0.1,1,null,184325.0,4,2.2,137.0,172914.0,33,"61210",489765.2,37.6,529.0,216,87,5,35.3,10745.0,"Circular Head (M)","2014",97
0.2,1,1.0,3706.0,4,0.2,372.0,3168.0,691,"61410",37795.5,9.8,79.0,2703,34,1,8.4,88.0,"Clarence (C)","2014",40
3.7,1,null,1504912.0,null,null,null,295624.0,148,"70420",3.22788843E7,4.7,1207125.0,81,8,1,0.9,2164.0,"Barkly (R)","2014",10
null,null,null,null,null,null,null,null,null,"70540",4140.5,null,null,null,null,null,null,null,"Belyuen (S)","2014",null
46.3,2,null,1.3402994E7,null,null,null,380903.0,81,"70620",2.81311382E7,47.6,1.302209E7,20,6,null,1.4,null,"Central Desert (R)","2014",8
null,null,null,11677.0,null,null,null,11677.0,87,"70700",205734.4,5.7,null,42,2,null,5.7,null,"Coomalie (S)","2014",2
null,null,null,660.0,null,null,null,660.0,4973,"71000",11151.1,5.9,null,1111,3,null,5.9,null,"Darwin (C)","2014",3
26.1,4,null,870362.0,null,null,null,null,161,"71300",3329559.7,26.1,870362.0,44,null,null,null,null,"East Arnhem (R)","2014",4
null,1,null,1941.0,null,null,null,1923.0,460,"72200",741664.4,0.3,18.0,140,3,null,0.3,null,"Katherine (T)","2014",4
null,null,null,15134.0,null,null,null,15134.0,1271,"72300",290319.2,5.2,null,518,11,null,5.2,null,"Litchfield (M)","2014",11
1.2,4,null,1038317.0,null,0.5,null,584519.0,128,"72330",2.68336614E7,3.9,320427.0,29,17,1,2.2,133372.0,"MacDonnell (R)","2014",22
